{
  "D": [
    0.27665312809804704,
    0.26044989839196203,
    0.25728046283125877,
    0.25461694210767744,
    0.258179946988821,
    0.2563192558288574,
    0.2691900309920311,
    0.2419683726131916,
    0.2392009425163269,
    0.23544861637055875,
    0.22548198826611043,
    0.28428505420684813,
    0.2346819343417883,
    0.23195292361080647,
    0.21303733795881272,
    0.21729443542659282,
    0.22367595139890908,
    0.24187999412417413,
    0.23003191366791725,
    0.23084973633289338,
    0.23627030700445176,
    0.2022702543064952,
    0.22729283481836318,
    0.21945248492062092,
    0.22784935675561427,
    0.22136365614831446,
    0.2298885154351592,
    0.2232306084781885,
    0.23219118803739547,
    0.22126517847180366,
    0.22002536788582802,
    0.221961355432868,
    0.2358444419503212,
    0.23448549129068852,
    0.2293597875535488,
    0.21530130915343762,
    0.22553022470325232,
    0.23370873644948006,
    0.23314893797039984,
    0.21292714066803456,
    0.2282066748291254,
    0.22626215144991874,
    0.22195487175136805,
    0.24039744429290294,
    0.24559822969138623,
    0.22126356594264507,
    0.21926941676065326,
    0.2253175623342395,
    0.24104748286306857,
    0.23821704428642987,
    0.23092559672892093,
    0.23092004336416722,
    0.22720059333369136,
    0.2324664479494095,
    0.2364823370426893,
    0.24216336652636528,
    0.23359218195080758,
    0.2190129742771387,
    0.22952949978411197,
    0.2490492155402899,
    0.234207374881953,
    0.22942086368799208,
    0.24436635233461856,
    0.23778881698846818,
    0.23228885151445866,
    0.2427239105850458,
    0.24412411391735078,
    0.23706061646342277,
    0.23365351848304272,
    0.24923472341150046,
    0.23371914140880107,
    0.23499610051512718,
    0.24111005246639253,
    0.23697804801166059,
    0.23807010427117348,
    0.236544523909688,
    0.23404126852750778,
    0.23412329211831093,
    0.23798450395464898,
    0.23642839282751082,
    0.239540374353528,
    0.23481592133641244,
    0.23105163984000682,
    0.24023013330996038,
    0.22956999935209751,
    0.23285043910145758,
    0.23282298758625986,
    0.23168441273272036,
    0.2322595688700676,
    0.23044594570994378,
    0.233596763163805,
    0.23479809865355492,
    0.2287894867360592,
    0.2282894356548786,
    0.2313949114084244,
    0.22653968900442123,
    0.23129859030246736,
    0.23173700273036957,
    0.23360052481293678,
    0.23297730937600136
  ],
  "G": [
    5.383832941055298,
    4.9143468856811525,
    4.568922491073608,
    4.079564590454101,
    3.9902244901657102,
    3.7292698669433593,
    3.2182269620895387,
    3.0751275968551637,
    2.907139925956726,
    2.8061745595932006,
    2.6990810775756837,
    2.6339046478271486,
    2.468010621070862,
    2.4665629291534423,
    2.7435724210739134,
    2.452210087776184,
    2.4076322984695433,
    2.2343801641464234,
    2.3107539510726927,
    2.1697834062576296,
    2.2065828704833983,
    2.1864347648620606,
    2.1298534417152406,
    2.092075107097626,
    2.05829158782959,
    2.0591022896766664,
    2.066070628166199,
    2.0398692297935486,
    1.9897556495666504,
    1.925316140651703,
    2.346758623123169,
    1.9467053508758545,
    1.9716664242744446,
    1.821097457408905,
    1.912648277282715,
    1.9344138455390931,
    1.9399114751815796,
    1.8266313123703002,
    1.7988655281066894,
    2.1329765367507934,
    1.8447655534744263,
    1.8611108255386353,
    1.8015793919563294,
    1.7891531634330748,
    1.7792893600463868,
    1.930052351951599,
    1.8712693023681641,
    1.750744481086731,
    1.7954753232002258,
    1.7244469046592712,
    1.7024367713928223,
    1.677272493839264,
    1.7761981749534608,
    1.7071708583831786,
    1.7797895574569702,
    1.681457371711731,
    1.6323348307609558,
    1.9461631536483766,
    1.6889102673530578,
    1.6620456457138062,
    1.6430806303024292,
    1.6597013568878174,
    1.5852201199531555,
    1.584523742198944,
    1.5918353056907655,
    1.5895549321174622,
    1.5506624221801757,
    1.545506248474121,
    1.5497040128707886,
    1.5872732043266295,
    1.5602655863761903,
    1.5242073917388916,
    1.5246263694763185,
    1.5134944033622741,
    1.473333556652069,
    1.4838220548629761,
    1.5264574909210205,
    1.4758508229255676,
    1.468523578643799,
    1.44617445230484,
    1.4533190417289734,
    1.448361575603485,
    1.4492190861701966,
    1.438796579837799,
    1.4224356889724732,
    1.4207989859580994,
    1.4216377472877502,
    1.4132102823257446,
    1.4019621682167054,
    1.4015674304962158,
    1.3953553175926208,
    1.3920118761062623,
    1.3856825184822084,
    1.3832969641685486,
    1.3687306642532349,
    1.3722068905830382,
    1.3629963874816895,
    1.3533426475524903,
    1.345631604194641,
    1.3383822679519652
  ],
  "GAN": [
    0.3245272946357727,
    0.28430814415216443,
    0.2937538465857506,
    0.28998032420873643,
    0.2824845117330551,
    0.299170688688755,
    0.31787260830402375,
    0.30810931384563445,
    0.33341466903686523,
    0.34137237578630447,
    0.3784781751036644,
    0.3997440704703331,
    0.36611674308776854,
    0.3774698910117149,
    0.3873244434595108,
    0.4194673275947571,
    0.42959707021713256,
    0.3757400807738304,
    0.379311175942421,
    0.3924754971265793,
    0.39948048889636995,
    0.4591495767235756,
    0.415985960662365,
    0.38751243412494657,
    0.4103668266534805,
    0.3990349537134171,
    0.4281625261902809,
    0.4006902748346329,
    0.4016737401485443,
    0.39178760319948197,
    0.42575815856456756,
    0.40452503085136415,
    0.4343979090452194,
    0.364262723326683,
    0.41601455241441726,
    0.406241298019886,
    0.41244885563850403,
    0.4011934721469879,
    0.38938820660114287,
    0.47711222261190417,
    0.39974431723356246,
    0.40940113306045534,
    0.38839769423007964,
    0.38739203184843063,
    0.41261342108249666,
    0.38300314694643023,
    0.4463755187392235,
    0.3860644638538361,
    0.42698708951473235,
    0.3806907859444618,
    0.3668127700686455,
    0.3794672164320946,
    0.39647945016622543,
    0.3792537945508957,
    0.40219179034233093,
    0.3690473312139511,
    0.3623831769824028,
    0.41264725267887115,
    0.3827764269709587,
    0.36171322643756865,
    0.36588418573141096,
    0.3779608774185181,
    0.3643478125333786,
    0.354406641125679,
    0.3650079447031021,
    0.3529228079319,
    0.3458185079693794,
    0.3441280448436737,
    0.3482528594136238,
    0.3833161503076553,
    0.35575040847063066,
    0.34544455707073213,
    0.3421435609459877,
    0.3434631535410881,
    0.3263745829463005,
    0.33633378237485884,
    0.3427886426448822,
    0.3286677971482277,
    0.3319964915513992,
    0.32274791210889814,
    0.3269141730666161,
    0.325986260175705,
    0.3263589370250702,
    0.31853181481361387,
    0.3245101660490036,
    0.3209547182917595,
    0.3224612444639206,
    0.32167010933160783,
    0.31847899734973906,
    0.3157378315925598,
    0.3124358811974525,
    0.3109901827573776,
    0.31050839185714724,
    0.3098679751157761,
    0.3034306836128235,
    0.30775211393833163,
    0.2991959446668625,
    0.2950785505771637,
    0.29081453710794447,
    0.28647845596075056
  ],