{
  "D": [
    0.2829171857501576,
    0.2764395749568939,
    0.25854756191372874,
    0.2636125513911247,
    0.2559354920685291,
    0.24466754898428916,
    0.24273646771907806,
    0.24429552406072616,
    0.2410870760679245,
    0.2424655194580555,
    0.24064070992171765,
    0.23850276157259942,
    0.2306107620149851,
    0.23444993555545807,
    0.23582244858145715,
    0.253557737916708,
    0.23875800419598817,
    0.25484712436795237,
    0.24284808807075023,
    0.230974735468626,
    0.23057449467480182,
    0.2364781790226698,
    0.23076556161046027,
    0.24452173583209513,
    0.21959642816334962,
    0.23105985682457686,
    0.2273981823027134,
    0.22991744350641966,
    0.24153825499117373,
    0.23078123576939105,
    0.22128727607429027,
    0.2302603717893362,
    0.23135991301387548,
    0.2302962965145707,
    0.25030977265909315,
    0.22324805442243814,
    0.23301218017935754,
    0.24058944046497344,
    0.23557397946715355,
    0.24044778991490603,
    0.22550122424960137,
    0.2334056806191802,
    0.2412555707991123,
    0.22676595270633698,
    0.2132142932526767,
    0.20803731074556708,
    0.21374818868935108,
    0.22655646570026874,
    0.20437187574803828,
    0.22549603000283241,
    0.22476157918572426,
    0.23492844916880132,
    0.23470257535576822,
    0.24640947304666042,
    0.2241870702058077,
    0.2461596241593361,
    0.2299021366611123,
    0.24371361300349237,
    0.23484985552728177,
    0.23860845737159253,
    0.2404574818909168,
    0.2337282918393612,
    0.24639304369688034,
    0.2383666616678238,
    0.2395236162096262,
    0.23987400084733962,
    0.23899260006844997,
    0.2537143860012293,
    0.2350852209329605,
    0.24518171295523644,
    0.24510572738945485,
    0.24414561033248902,
    0.24387532465159892,
    0.2367529606819153,
    0.2432013399899006,
    0.23709361806511878,
    0.24012582413852215,
    0.23891741752624512,
    0.2328072914481163,
    0.23479071371257304,
    0.2432120756804943,
    0.24029823154211044,
    0.23727873653173448,
    0.2407039389014244,
    0.236315229088068,
    0.23574235126376153,
    0.2328321585059166,
    0.23532561898231508,
    0.23494790993630887,
    0.23643266826868056,
    0.23213781960308552,
    0.23789415165781974,
    0.23650340840220452,
    0.23577907130122186,
    0.23221370726823806,
    0.23096518725156784,
    0.23204925432801246,
    0.23178247794508933,
    0.23347699373960495,
    0.2330761094391346
  ],
  "G": [
    5.242889747619629,
    4.5112533855438235,
    4.016348242759705,
    3.534835209846497,
    3.6092405891418458,
    3.09009024143219,
    2.8466973543167113,
    2.7543596696853636,
    2.601878352165222,
    2.363310182094574,
    2.2891697835922242,
    2.1898752427101136,
    2.2169058752059936,
    2.1163359928131102,
    2.181329085826874,
    2.050620653629303,
    2.3071317982673647,
    2.0440601563453673,
    1.918058443069458,
    1.9128296279907226,
    1.956381983757019,
    1.9178402543067932,
    1.9291421723365785,
    1.964595103263855,
    1.9186955046653749,
    1.896184811592102,
    1.8303267765045166,
    1.8531684279441833,
    1.8342030596733094,
    1.8389769649505616,
    1.761559352874756,
    1.8266808819770812,
    1.7743437027931213,
    1.791604254245758,
    1.7790841889381408,
    1.7409791111946107,
    1.729052882194519,
    1.6936586642265319,
    1.705111632347107,
    1.715316960811615,
    1.7252838802337647,
    1.6627249336242675,
    1.667756631374359,
    2.55338951587677,
    3.5702598667144776,
    2.305089817047119,
    2.0110673260688783,
    1.9539855241775512,
    1.8842346167564392,
    1.8707159733772278,
    1.765026776790619,
    1.73981586933136,
    1.7836274218559265,
    1.8275140261650085,
    1.817617540359497,
    1.7911816835403442,
    1.7172484683990479,
    1.6814746952056885,
    1.6597520017623901,
    1.7023995208740235,
    1.6602284693717957,
    1.690668077468872,
    1.6582421946525574,
    1.6188486289978028,
    1.6434676456451416,
    1.633630805015564,
    1.6202904272079468,
    1.5829241728782655,
    1.5960783433914185,
    1.5889642238616943,
    1.5670131015777589,
    1.5539238548278809,
    1.502083296775818,
    1.5129334592819215,
    1.5318611836433411,
    1.5191920185089112,
    1.520067310333252,
    1.5090754652023315,
    1.5108020210266113,
    1.5306821823120118,
    1.5111733651161194,
    1.4823063278198243,
    1.4571059036254883,
    1.4683964347839356,
    1.4670332717895507,
    1.450778932571411,
    1.446598665714264,
    1.4420032429695129,
    1.435709412097931,
    1.442624547481537,
    1.426303117275238,
    1.4166684579849242,
    1.4007454705238342,
    1.3967115139961244,
    1.3933640122413635,
    1.3819227313995361,
    1.378700656890869,
    1.3788271808624268,
    1.3696372413635254,
    1.3667784142494201
  ],
  "GAN": [
    0.33554918110370635,
    0.3080353254079819,
    0.2862295177578926,
    0.3097707962989807,
    0.2929126784205437,
    0.29393135726451874,
    0.3106211256980896,
    0.3329718047380447,
    0.3256716194748879,
    0.3479071310162544,
    0.3402393114566803,
    0.3477465632557869,
    0.3584945073723793,
    0.3510943731665611,
    0.375456371307373,
    0.3864919799566269,
    0.3825271162390709,
    0.3927058532834053,
    0.349163253903389,
    0.37618169069290164,
    0.33954953104257585,
    0.3635283809900284,
    0.3859070006012917,
    0.4128511443734169,
    0.40014989107847215,
    0.39751538932323455,
    0.385645694732666,
    0.4205174085497856,
    0.3571954199671745,
    0.4169299864768982,
    0.3762392944097519,
    0.43083535850048066,
    0.39661711663007737,
    0.4018852937221527,
    0.395459868311882,
    0.39955930173397064,
    0.3764091607928276,
    0.36472378730773924,
    0.38437346160411834,
    0.39159262627363206,
    0.39525689601898195,
    0.3698852846026421,
    0.3693082255125046,
    0.3621539843082428,
    0.5676293483376503,
    0.49802595645189285,
    0.48735328316688536,
    0.4614654070138931,
    0.4345198360085487,
    0.45118455320596695,
    0.377087237238884,
    0.3624068284034729,
    0.3868269994854927,
    0.3829009783267975,
    0.3906446403264999,
    0.40716012716293337,
    0.3662019246816635,
    0.33388133078813553,
    0.34372984021902087,
    0.3560793349146843,
    0.3303443917632103,
    0.35352730870246885,
    0.3404847124218941,
    0.33769736558198926,
    0.34335937291383745,
    0.353423168361187,
    0.34275317877531053,
    0.33831552356481553,
    0.3318974956870079,
    0.3448694068193436,
    0.32944097101688385,
    0.32809023529291154,
    0.3099677509069443,
    0.3239783936738968,
    0.3213855507969856,
    0.32738847196102144,
    0.31981488049030304,
    0.32220290213823316,
    0.32114178508520125,
    0.3296286329627037,
    0.31767547369003296,
    0.3150448226928711,
    0.3119373294711113,
    0.3110927242040634,
    0.30997164368629454,
    0.31164510548114777,
    0.31122239351272585,
    0.30610985577106475,
    0.31084992706775666,
    0.30517330586910246,
    0.30622964829206467,
    0.29883523017168045,
    0.29726563930511474,
    0.2964289402961731,
    0.29734256327152253,
    0.2970062440633774,
    0.29382969319820407,
    0.29231426000595095,
    0.2863542595505714,
    0.2848182713985443
  ],