{
  "D": [
    0.28095538514175866,
    0.26372134670615194,
    0.23920252323150634,
    0.2619725321233273,
    0.23135609656572342,
    0.2307413675636053,
    0.23796167403459548,
    0.2530175891518593,
    0.22673439182341099,
    0.24270362202078105,
    0.2318878538906574,
    0.258721554428339,
    0.2428489336371422,
    0.22754441000521183,
    0.23313257031142712,
    0.2144448809325695,
    0.21544297747313976,
    0.23504707653075457,
    0.23829829640686512,
    0.2177493903785944,
    0.23346082340925933,
    0.23245454378426075,
    0.24476333335042,
    0.22955792494118213,
    0.23426496781408787,
    0.23132566042244435,
    0.23417149350047112,
    0.2314325015246868,
    0.21198075842112302,
    0.23478062704205513,
    0.23078220400959254,
    0.23756188262254,
    0.2362704064697027,
    0.2444677446037531,
    0.2390411139279604,
    0.24130471132695674,
    0.23702187985181808,
    0.24459945857524873,
    0.2205134978890419,
    0.25206049673259256,
    0.23453791039064525,
    0.2345235788077116,
    0.23336566530168057,
    0.24134534366428853,
    0.24238207019865513,
    0.2417952450364828,
    0.24162382401525975,
    0.23953493379056454,
    0.256276772916317,
    0.23331634506583213,
    0.23844424299895764,
    0.2410344611853361,
    0.24462842911481858,
    0.2398255679756403,
    0.24625626705586912,
    0.24117825619876385,
    0.24672414638102055,
    0.24208009585738183,
    0.24581753753125668,
    0.2413453331589699,
    0.22279587864875794,
    0.23566165074706077,
    0.24990645557641983,
    0.2432691465690732,
    0.244123699888587,
    0.2415010716021061,
    0.24276344656944274,
    0.2446332411468029,
    0.23873256757855416,
    0.2363908290117979,
    0.24765183471143246,
    0.23881731268018483,
    0.23871989846229552,
    0.23444584205746652,
    0.24171604409813882,
    0.23902054913342,
    0.23591918841004372,
    0.23668024726212025,
    0.23559664450585843,
    0.23398312620818615,
    0.2352349428087473,
    0.23418251849710942,
    0.23615688994526862,
    0.23280534833669664,
    0.23350132435560225,
    0.23041708081960677,
    0.22990654356777668,
    0.22862619116902352,
    0.2335197414457798,
    0.22957148343324663,
    0.23273758575320244,
    0.23081693962216376,
    0.22869429111480713,
    0.2300654199719429,
    0.22938846454024314,
    0.23009940192103387,
    0.22995127454400063,
    0.2304067775607109,
    0.2311443145573139,
    0.23030179530382155
  ],
  "G": [
    5.2510503482818605,
    4.6102285575866695,
    4.089736800193787,
    3.9086838483810427,
    3.7932456398010252,
    3.4597973918914793,
    3.250703730583191,
    3.089705424308777,
    2.7247068643569947,
    2.6531865644454955,
    2.359505252838135,
    2.293693771362305,
    2.1653523015975953,
    2.1333903813362123,
    2.6073162961006164,
    2.4937142848968508,
    2.16184549331665,
    2.072767095565796,
    2.0756626439094545,
    2.1501723027229307,
    2.0405004048347473,
    1.9881289720535278,
    1.9234131908416747,
    1.8349854826927186,
    1.9384399271011352,
    1.872877104282379,
    1.8363014006614684,
    2.308466148376465,
    2.031454222202301,
    1.945951063632965,
    1.9409789991378785,
    1.804358012676239,
    1.7405805444717408,
    1.7162152194976807,
    1.7341819906234741,
    1.6599599957466125,
    1.6664268732070924,
    1.6573811817169188,
    1.7353534841537475,
    1.706555619239807,
    1.6689961194992065,
    1.6360939049720764,
    1.6360668301582337,
    1.6254013466835022,
    1.6608921790122986,
    1.5995418262481689,
    1.6078040051460265,
    1.5550055742263793,
    1.6028190803527833,
    1.7162374305725097,
    1.6023917770385743,
    1.5689136791229248,
    1.5309481954574584,
    1.5493249273300171,
    1.5178100872039795,
    1.526506884098053,
    1.5295294499397278,
    1.507171733379364,
    1.4959022092819214,
    1.484093668460846,
    2.0681185579299926,
    1.8058956861495972,
    1.6147690868377687,
    1.5644494819641113,
    1.556933219432831,
    1.522062382698059,
    1.5147149229049683,
    1.5291798400878907,
    1.5185365319252013,
    1.5068494153022767,
    1.5090173697471618,
    1.4763478636741638,
    1.4842507433891297,
    1.4828912472724916,
    1.480801718235016,
    1.462072570323944,
    1.4725091099739074,
    1.47794620513916,
    1.4605157017707824,
    1.4593036818504332,
    1.5008109903335571,
    1.4392029190063476,
    1.4398014974594116,
    1.4413228058815002,
    1.4278736972808839,
    1.4290350008010864,
    1.4357922196388244,
    1.4293859910964966,
    1.4270777201652527,
    1.4258430576324463,
    1.4235658979415893,
    1.4119829797744752,
    1.398608798980713,
    1.397431583404541,
    1.3949455523490906,
    1.3843486213684082,
    1.3842944645881652,
    1.3808120369911194,
    1.3729662227630615,
    1.3658177828788758
  ],
  "GAN": [
    0.3249641853570938,
    0.30668719708919523,
    0.3063057792186737,
    0.3002837872505188,
    0.3139445090293884,
    0.3620960599184036,
    0.33939533680677414,
    0.3562652438879013,
    0.3273139226436615,
    0.3817850187420845,
    0.33179418444633485,
    0.3810439485311508,
    0.3167842894792557,
    0.35816638499498366,
    0.38191802978515627,
    0.4107987499237061,
    0.40330681443214417,
    0.41098289370536806,
    0.40004505693912507,
    0.41257639408111574,
    0.4099492257833481,
    0.4067528074979782,
    0.4082194331288338,
    0.3822132721543312,
    0.39053944021463394,
    0.4112370976805687,
    0.3684829664230347,
    0.40080574750900266,
    0.4275751575827599,
    0.4366350546479225,
    0.43906400352716446,
    0.41604953408241274,
    0.3518020960688591,
    0.3477951776981354,
    0.34411132723093035,
    0.3325567376613617,
    0.3379265475273132,
    0.34104098200798033,
    0.3746454298496246,
    0.39369355648756027,
    0.37211041688919066,
    0.3597429722547531,
    0.3653444018959999,
    0.3562862709164619,
    0.3607406225800514,
    0.34965312540531157,
    0.35923324853181837,
    0.3388881203532219,
    0.36487230479717253,
    0.3470160961151123,
    0.35933776944875717,
    0.34652219504117965,
    0.3298162531852722,
    0.33737766116857526,
    0.3337630987167358,
    0.3282078966498375,
    0.33632939457893374,
    0.3324143832921982,
    0.33594401970505716,
    0.33004120469093323,
    0.39234199583530427,
    0.43694780737161637,
    0.3672825300693512,
    0.3434992244839668,
    0.33997229248285293,
    0.3389910501241684,
    0.34279210716485975,
    0.34509801357984543,
    0.3451425951719284,
    0.3373654451966286,
    0.3312926635146141,
    0.3327773106098175,
    0.33189371824264524,
    0.3439318981766701,
    0.32382951229810714,
    0.3283363422751427,
    0.33017484575510025,
    0.3366775095462799,
    0.3278639823198318,
    0.3302612528204918,
    0.33698389410972596,
    0.3281224298477173,
    0.327989450097084,
    0.32522201031446457,
    0.32216423481702805,
    0.3271076095104217,
    0.3259019774198532,
    0.3270653134584427,
    0.3184416025876999,
    0.31980969130992887,
    0.31727047204971315,
    0.3176997035741806,
    0.31375094175338747,
    0.3114325162768364,
    0.30919640481472016,
    0.30660842180252074,
    0.3024591520428658,
    0.29767750412225724,
    0.29368781387805937,
    0.29013159692287444
  ],