{
  "D": [
    0.2746445903392924,
    0.2887921871989965,
    0.24219479888677597,
    0.25234966397285463,
    0.23785362064838408,
    0.25318192318081856,
    0.23649876892566682,
    0.2278457461297512,
    0.2517301968485117,
    0.26345831364393235,
    0.22440033696591855,
    0.23219943083822728,
    0.21211837142705917,
    0.3378080007433891,
    0.2259886609017849,
    0.22303963921964168,
    0.2269076444208622,
    0.21146026693284511,
    0.21882178902626037,
    0.20905666157603264,
    0.2265978415310383,
    0.25310161903500555,
    0.25163796737790106,
    0.18275264229625462,
    0.20014381557703018,
    0.25054954409599306,
    0.2425871978700161,
    0.2453397372364998,
    0.24132314510643482,
    0.23410341575741767,
    0.2301642069593072,
    0.2376381367444992,
    0.2197040256485343,
    0.23452751576900482,
    0.22647422134876252,
    0.22161965858191252,
    0.2295335291326046,
    0.23179641164839268,
    0.23589392479509116,
    0.2404936408996582,
    0.22888154655694962,
    0.22698906842619182,
    0.23745776616036893,
    0.23044495947659016,
    0.24054252918809652,
    0.22620643565431237,
    0.23350594211369752,
    0.24601845134049655,
    0.23353996124118567,
    0.24144421882927417,
    0.23092186376452445,
    0.24618261612951756,
    0.24621176168322564,
    0.2462972104549408,
    0.2398561518639326,
    0.2465023882314563,
    0.24673912849277257,
    0.23961348161101342,
    0.24413561642169954,
    0.2444502853602171,
    0.2436387886852026,
    0.25015691757202146,
    0.24580767683684826,
    0.24582985498011112,
    0.24476700372993945,
    0.24554099939763546,
    0.2543356557190418,
    0.24360060192644595,
    0.244257557541132,
    0.2435361848026514,
    0.24460046857595444,
    0.24490085303783415,
    0.2443341314792633,
    0.23815104469656945,
    0.24601796068251133,
    0.23931385211646558,
    0.24086977511644364,
    0.24212472669780255,
    0.23747054234147072,
    0.2398594231903553,
    0.24083785884082318,
    0.23902640871703626,
    0.23941338747739793,
    0.23801627784967422,
    0.23781079813838005,
    0.23661697655916214,
    0.23370833724737167,
    0.23285418823361398,
    0.2336966110765934,
    0.23190575927495957,
    0.22438329860568046,
    0.23018380910158157,
    0.2311740480363369,
    0.2287411480396986,
    0.22750320360064508,
    0.22965244308114052,
    0.2303708328306675,
    0.2301242919266224,
    0.2301715876162052,
    0.2301980237662792
  ],
  "G": [
    5.026331701278687,
    4.477645673751831,
    4.638428869247437,
    4.09160237789154,
    4.009462242126465,
    3.4852388525009155,
    3.259926104545593,
    3.251392378807068,
    3.1673271322250365,
    2.8306051874160767,
    2.7682713079452514,
    2.6103347826004026,
    2.5398339796066285,
    2.507728772163391,
    2.2212299633026125,
    2.2041839218139647,
    2.340557916164398,
    2.284591193199158,
    2.435510561466217,
    2.1963534784317016,
    2.0838723969459534,
    2.088922221660614,
    2.0658807301521303,
    2.317119812965393,
    2.242625045776367,
    2.045856730937958,
    1.8737979316711426,
    1.8061218190193176,
    1.8447337365150451,
    1.7763448715209962,
    1.8726773142814637,
    1.9271985149383546,
    1.9567270350456238,
    1.920801064968109,
    1.8122024822235108,
    1.9247435760498046,
    1.8634311819076539,
    1.8596511125564574,
    1.8099268746376038,
    1.7680462551116944,
    1.775929765701294,
    1.8975536131858826,
    1.7626946902275085,
    1.76641304731369,
    1.8022388076782228,
    1.7567241835594176,
    1.7699733448028565,
    1.7449594497680665,
    1.694901511669159,
    1.6978574228286742,
    1.680669960975647,
    1.6898761510848999,
    1.6225899839401245,
    1.5972732996940613,
    1.6023447012901306,
    1.5831173992156982,
    1.5868956756591797,
    1.5535757422447205,
    1.567007727622986,
    1.531039192676544,
    1.539365487098694,
    1.5127212476730347,
    1.5342260789871216,
    1.4969736742973327,
    1.550687870979309,
    1.489600546360016,
    1.5094056057929992,
    1.4901236987113953,
    1.471775074005127,
    1.4720622658729554,
    1.4645759844779969,
    1.4552383041381836,
    1.4247359108924866,
    1.4267362999916076,
    1.4205554127693176,
    1.4136643624305725,
    1.4271614480018615,
    1.408528745174408,
    1.3989361906051636,
    1.391769564151764,
    1.3865683436393739,
    1.3778574514389037,
    1.3717915630340576,
    1.3644365978240967,
    1.360601065158844,
    1.3516954469680786,
    1.3491521286964416,
    1.3525668168067932,
    1.352098126411438,
    1.3581891441345215,
    1.364351134300232,
    1.3468435168266297,
    1.3341850590705873,
    1.3280603384971619,
    1.3248080539703369,
    1.31623188495636,
    1.311622154712677,
    1.3061319017410278,
    1.2999072098731994,
    1.291478588581085
  ],
  "GAN": [
    0.3130343607068062,
    0.33130173325538637,
    0.291170089840889,
    0.3081579521298409,
    0.3087288048863411,
    0.316239008307457,
    0.33261716187000273,
    0.33982926338911057,
    0.37430189073085784,
    0.3310188782215118,
    0.35297182112932207,
    0.38227988928556444,
    0.3742789971828461,
    0.4330976700782776,
    0.3178467747569084,
    0.3537078240513802,
    0.3869129008054733,
    0.4209035587310791,
    0.41638877630233767,
    0.4149679601192474,
    0.40277587831020356,
    0.40290106773376466,
    0.3377388283610344,
    0.48432963967323306,
    0.5190696081519127,
    0.4153184831142426,
    0.3481194868683815,
    0.3246238744258881,
    0.3720425900816917,
    0.3355906629562378,
    0.40830431759357455,
    0.40248058676719667,
    0.4274910607933998,
    0.41906796395778656,
    0.383930067718029,
    0.41612033993005754,
    0.4164240309596062,
    0.4227376142144203,
    0.4100297099351883,
    0.37033607631921767,
    0.3946183615922928,
    0.4207653865218163,
    0.3701175212860107,
    0.3761095276474953,
    0.38594488978385927,
    0.3924608241021633,
    0.40233642131090164,
    0.3853892681002617,
    0.3573127445578575,
    0.3728426721692085,
    0.35321881413459777,
    0.37966106057167054,
    0.334595522582531,
    0.3344714042544365,
    0.34609751611948014,
    0.3320518556237221,
    0.34386356472969054,
    0.3301468539237976,
    0.332787838280201,
    0.3221325948834419,
    0.3353319391608238,
    0.3210461109876633,
    0.3238537248969078,
    0.31893095791339876,
    0.3528821974992752,
    0.32208497911691664,
    0.33351901203393935,
    0.3367652642726898,
    0.32362754553556444,
    0.3286361733078957,
    0.3205093935132027,
    0.32058055251836776,
    0.31150821298360826,
    0.31558032691478727,
    0.30373049348592757,
    0.3121731486916542,
    0.32376578539609907,
    0.307384070456028,
    0.30887114375829694,
    0.3085523751378059,
    0.31148206561803815,
    0.3127424317598343,
    0.3097448116540909,
    0.30502270787954333,
    0.3068401074409485,
    0.3049605625867844,
    0.30492107778787614,
    0.3112845480442047,
    0.31191243350505826,
    0.30742927491664884,
    0.3186721259355545,
    0.3136084690690041,
    0.3053248059749603,
    0.3061035615205765,
    0.30646353840827945,
    0.30033601224422457,
    0.29760574758052827,
    0.29336276531219485,
    0.2921677803993225,
    0.28767909824848176
  ],